<?xml version="1.0" encoding="UTF-8"?>
<export version="E">
  <design>
    <source>C:\Users\garya\OneDrive\Documents\MGB_Heavy_1\MGB_Heavy_1.kicad_sch</source>
    <date>9/25/2023 10:23:46 AM</date>
    <tool>Eeschema 7.0.6</tool>
    <sheet number="1" name="/" tstamps="/">
      <title_block>
        <title>MGB Heavy CPU</title>
        <company>Consoles &amp; Casks</company>
        <rev>1.0</rev>
        <date>2022-12-03</date>
        <source>MGB_Heavy_1.kicad_sch</source>
        <comment number="1" value=""/>
        <comment number="2" value=""/>
        <comment number="3" value=""/>
        <comment number="4" value=""/>
        <comment number="5" value=""/>
        <comment number="6" value=""/>
        <comment number="7" value=""/>
        <comment number="8" value=""/>
        <comment number="9" value=""/>
      </title_block>
    </sheet>
  </design>
  <components>
    <comp ref="C1">
      <value>25pF</value>
      <footprint>Capacitor_SMD:C_0603_1608Metric_Pad1.08x0.95mm_HandSolder</footprint>
      <fields>
        <field name="LCSC">C527182</field>
      </fields>
      <libsource lib="Device" part="C" description="Unpolarized capacitor"/>
      <property name="LCSC" value="C527182"/>
      <property name="Sheetname" value=""/>
      <property name="Sheetfile" value="MGB_Heavy_1.kicad_sch"/>
      <property name="ki_description" value="Unpolarized capacitor"/>
      <property name="ki_keywords" value="cap capacitor"/>
      <sheetpath names="/" tstamps="/"/>
      <tstamps>3eb5b15c-8b32-4944-9db4-dd1f13405f93</tstamps>
    </comp>
    <comp ref="C2">
      <value>25pF</value>
      <footprint>Capacitor_SMD:C_0603_1608Metric_Pad1.08x0.95mm_HandSolder</footprint>
      <fields>
        <field name="LCSC">C527182</field>
      </fields>
      <libsource lib="Device" part="C" description="Unpolarized capacitor"/>
      <property name="LCSC" value="C527182"/>
      <property name="Sheetname" value=""/>
      <property name="Sheetfile" value="MGB_Heavy_1.kicad_sch"/>
      <property name="ki_description" value="Unpolarized capacitor"/>
      <property name="ki_keywords" value="cap capacitor"/>
      <sheetpath names="/" tstamps="/"/>
      <tstamps>596ed189-7440-4609-8b59-6f3988e0cd27</tstamps>
    </comp>
    <comp ref="C4">
      <value>100pF</value>
      <footprint>Capacitor_SMD:C_0603_1608Metric_Pad1.08x0.95mm_HandSolder</footprint>
      <fields>
        <field name="LCSC">C1790</field>
      </fields>
      <libsource lib="Device" part="C" description="Unpolarized capacitor"/>
      <property name="LCSC" value="C1790"/>
      <property name="Sheetname" value=""/>
      <property name="Sheetfile" value="MGB_Heavy_1.kicad_sch"/>
      <property name="ki_description" value="Unpolarized capacitor"/>
      <property name="ki_keywords" value="cap capacitor"/>
      <sheetpath names="/" tstamps="/"/>
      <tstamps>42a101d4-35b7-4fe6-828d-68f6d267dba6</tstamps>
    </comp>
    <comp ref="C5">
      <value>100pF</value>
      <footprint>Capacitor_SMD:C_0603_1608Metric_Pad1.08x0.95mm_HandSolder</footprint>
      <fields>
        <field name="LCSC">C1790</field>
      </fields>
      <libsource lib="Device" part="C" description="Unpolarized capacitor"/>
      <property name="LCSC" value="C1790"/>
      <property name="Sheetname" value=""/>
      <property name="Sheetfile" value="MGB_Heavy_1.kicad_sch"/>
      <property name="ki_description" value="Unpolarized capacitor"/>
      <property name="ki_keywords" value="cap capacitor"/>
      <sheetpath names="/" tstamps="/"/>
      <tstamps>779600c8-6c4b-4e5f-a17c-a65813e74493</tstamps>
    </comp>
    <comp ref="C6">
      <value>100pF</value>
      <footprint>Capacitor_SMD:C_0603_1608Metric_Pad1.08x0.95mm_HandSolder</footprint>
      <fields>
        <field name="LCSC">C1790</field>
      </fields>
      <libsource lib="Device" part="C" description="Unpolarized capacitor"/>
      <property name="LCSC" value="C1790"/>
      <property name="Sheetname" value=""/>
      <property name="Sheetfile" value="MGB_Heavy_1.kicad_sch"/>
      <property name="ki_description" value="Unpolarized capacitor"/>
      <property name="ki_keywords" value="cap capacitor"/>
      <sheetpath names="/" tstamps="/"/>
      <tstamps>ad21f9b4-f77d-4bd6-aeea-7429f648c3b4</tstamps>
    </comp>
    <comp ref="C7">
      <value>100pF</value>
      <footprint>Capacitor_SMD:C_0603_1608Metric_Pad1.08x0.95mm_HandSolder</footprint>
      <fields>
        <field name="LCSC">C1790</field>
      </fields>
      <libsource lib="Device" part="C" description="Unpolarized capacitor"/>
      <property name="LCSC" value="C1790"/>
      <property name="Sheetname" value=""/>
      <property name="Sheetfile" value="MGB_Heavy_1.kicad_sch"/>
      <property name="ki_description" value="Unpolarized capacitor"/>
      <property name="ki_keywords" value="cap capacitor"/>
      <sheetpath names="/" tstamps="/"/>
      <tstamps>6fa3c4ed-b7dd-4090-b048-eeb7b38688be</tstamps>
    </comp>
    <comp ref="C11">
      <value>10nF</value>
      <footprint>Capacitor_SMD:C_0603_1608Metric_Pad1.08x0.95mm_HandSolder</footprint>
      <fields>
        <field name="LCSC">C1710</field>
      </fields>
      <libsource lib="Device" part="C_Small" description="Unpolarized capacitor, small symbol"/>
      <property name="LCSC" value="C1710"/>
      <property name="Sheetname" value=""/>
      <property name="Sheetfile" value="MGB_Heavy_1.kicad_sch"/>
      <property name="ki_description" value="Unpolarized capacitor, small symbol"/>
      <property name="ki_keywords" value="capacitor cap"/>
      <sheetpath names="/" tstamps="/"/>
      <tstamps>4bf82e16-789d-4caa-9621-adbc7923f99a</tstamps>
    </comp>
    <comp ref="C12">
      <value>10nF</value>
      <footprint>Capacitor_SMD:C_0603_1608Metric_Pad1.08x0.95mm_HandSolder</footprint>
      <fields>
        <field name="LCSC">C1710</field>
      </fields>
      <libsource lib="Device" part="C_Small" description="Unpolarized capacitor, small symbol"/>
      <property name="LCSC" value="C1710"/>
      <property name="Sheetname" value=""/>
      <property name="Sheetfile" value="MGB_Heavy_1.kicad_sch"/>
      <property name="ki_description" value="Unpolarized capacitor, small symbol"/>
      <property name="ki_keywords" value="capacitor cap"/>
      <sheetpath names="/" tstamps="/"/>
      <tstamps>a28e60d0-d478-4fbf-9f59-b370205141e3</tstamps>
    </comp>
    <comp ref="C13">
      <value>10nF</value>
      <footprint>Capacitor_SMD:C_0603_1608Metric_Pad1.08x0.95mm_HandSolder</footprint>
      <fields>
        <field name="LCSC">C53134</field>
      </fields>
      <libsource lib="Device" part="C_Small" description="Unpolarized capacitor, small symbol"/>
      <property name="LCSC" value="C53134"/>
      <property name="Sheetname" value=""/>
      <property name="Sheetfile" value="MGB_Heavy_1.kicad_sch"/>
      <property name="ki_description" value="Unpolarized capacitor, small symbol"/>
      <property name="ki_keywords" value="capacitor cap"/>
      <sheetpath names="/" tstamps="/"/>
      <tstamps>e0d6fc7c-61c3-4560-a1c8-b848d8352cc0</tstamps>
    </comp>
    <comp ref="C14">
      <value>47nF</value>
      <footprint>Capacitor_SMD:C_0603_1608Metric_Pad1.08x0.95mm_HandSolder</footprint>
      <fields>
        <field name="LCSC">C53134</field>
      </fields>
      <libsource lib="Device" part="C_Small" description="Unpolarized capacitor, small symbol"/>
      <property name="LCSC" value="C53134"/>
      <property name="Sheetname" value=""/>
      <property name="Sheetfile" value="MGB_Heavy_1.kicad_sch"/>
      <property name="ki_description" value="Unpolarized capacitor, small symbol"/>
      <property name="ki_keywords" value="capacitor cap"/>
      <sheetpath names="/" tstamps="/"/>
      <tstamps>2faec52e-7747-4367-a980-e7ec26ee16ba</tstamps>
    </comp>
    <comp ref="C15">
      <value>47nF</value>
      <footprint>Capacitor_SMD:C_0603_1608Metric_Pad1.08x0.95mm_HandSolder</footprint>
      <fields>
        <field name="LCSC">C53134</field>
      </fields>
      <libsource lib="Device" part="C_Small" description="Unpolarized capacitor, small symbol"/>
      <property name="LCSC" value="C53134"/>
      <property name="Sheetname" value=""/>
      <property name="Sheetfile" value="MGB_Heavy_1.kicad_sch"/>
      <property name="ki_description" value="Unpolarized capacitor, small symbol"/>
      <property name="ki_keywords" value="capacitor cap"/>
      <sheetpath names="/" tstamps="/"/>
      <tstamps>76010c6e-b557-4a36-a28d-43904b695ee7</tstamps>
    </comp>
    <comp ref="C16">
      <value>47nF</value>
      <footprint>Capacitor_SMD:C_0603_1608Metric_Pad1.08x0.95mm_HandSolder</footprint>
      <fields>
        <field name="LCSC">C53134</field>
      </fields>
      <libsource lib="Device" part="C_Small" description="Unpolarized capacitor, small symbol"/>
      <property name="LCSC" value="C53134"/>
      <property name="Sheetname" value=""/>
      <property name="Sheetfile" value="MGB_Heavy_1.kicad_sch"/>
      <property name="ki_description" value="Unpolarized capacitor, small symbol"/>
      <property name="ki_keywords" value="capacitor cap"/>
      <sheetpath names="/" tstamps="/"/>
      <tstamps>a8c1f39e-362f-4395-8737-432c18196750</tstamps>
    </comp>
    <comp ref="C17">
      <value>100nF</value>
      <footprint>Capacitor_SMD:C_0805_2012Metric_Pad1.18x1.45mm_HandSolder</footprint>
      <fields>
        <field name="LCSC">C49678</field>
      </fields>
      <libsource lib="Device" part="C_Small" description="Unpolarized capacitor, small symbol"/>
      <property name="LCSC" value="C49678"/>
      <property name="Sheetname" value=""/>
      <property name="Sheetfile" value="MGB_Heavy_1.kicad_sch"/>
      <property name="ki_description" value="Unpolarized capacitor, small symbol"/>
      <property name="ki_keywords" value="capacitor cap"/>
      <sheetpath names="/" tstamps="/"/>
      <tstamps>ea426252-c80c-4eca-a4d6-42e36caa83aa</tstamps>
    </comp>
    <comp ref="C18">
      <value>1µF</value>
      <footprint>Capacitor_SMD:C_0603_1608Metric_Pad1.08x0.95mm_HandSolder</footprint>
      <fields>
        <field name="LCSC">C28323</field>
      </fields>
      <libsource lib="Device" part="C_Small" description="Unpolarized capacitor, small symbol"/>
      <property name="LCSC" value="C28323"/>
      <property name="Sheetname" value=""/>
      <property name="Sheetfile" value="MGB_Heavy_1.kicad_sch"/>
      <property name="ki_description" value="Unpolarized capacitor, small symbol"/>
      <property name="ki_keywords" value="capacitor cap"/>
      <sheetpath names="/" tstamps="/"/>
      <tstamps>295bddf7-348a-4e05-90b3-602e8ce14eef</tstamps>
    </comp>
    <comp ref="C19">
      <value>1µF</value>
      <footprint>Capacitor_SMD:C_0603_1608Metric_Pad1.08x0.95mm_HandSolder</footprint>
      <fields>
        <field name="LCSC">C28323</field>
      </fields>
      <libsource lib="Device" part="C_Small" description="Unpolarized capacitor, small symbol"/>
      <property name="LCSC" value="C28323"/>
      <property name="Sheetname" value=""/>
      <property name="Sheetfile" value="MGB_Heavy_1.kicad_sch"/>
      <property name="ki_description" value="Unpolarized capacitor, small symbol"/>
      <property name="ki_keywords" value="capacitor cap"/>
      <sheetpath names="/" tstamps="/"/>
      <tstamps>32365298-b5a7-4f8e-b0cd-4ee784e47b23</tstamps>
    </comp>
    <comp ref="C23">
      <value>100nF</value>
      <footprint>Capacitor_SMD:C_0805_2012Metric_Pad1.18x1.45mm_HandSolder</footprint>
      <fields>
        <field name="LCSC">C49678</field>
      </fields>
      <libsource lib="Device" part="C_Small" description="Unpolarized capacitor, small symbol"/>
      <property name="LCSC" value="C49678"/>
      <property name="Sheetname" value=""/>
      <property name="Sheetfile" value="MGB_Heavy_1.kicad_sch"/>
      <property name="ki_description" value="Unpolarized capacitor, small symbol"/>
      <property name="ki_keywords" value="capacitor cap"/>
      <sheetpath names="/" tstamps="/"/>
      <tstamps>db54a256-a27d-428c-bdb5-d58cf1fc40f8</tstamps>
    </comp>
    <comp ref="C24">
      <value>100nF</value>
      <footprint>Capacitor_SMD:C_0805_2012Metric_Pad1.18x1.45mm_HandSolder</footprint>
      <fields>
        <field name="LCSC">C49678</field>
      </fields>
      <libsource lib="Device" part="C_Small" description="Unpolarized capacitor, small symbol"/>
      <property name="LCSC" value="C49678"/>
      <property name="Sheetname" value=""/>
      <property name="Sheetfile" value="MGB_Heavy_1.kicad_sch"/>
      <property name="ki_description" value="Unpolarized capacitor, small symbol"/>
      <property name="ki_keywords" value="capacitor cap"/>
      <sheetpath names="/" tstamps="/"/>
      <tstamps>d3c9cf89-6180-40be-bea5-28317d279724</tstamps>
    </comp>
    <comp ref="C25">
      <value>2.2uF</value>
      <footprint>Capacitor_SMD:C_0805_2012Metric_Pad1.18x1.45mm_HandSolder</footprint>
      <fields>
        <field name="LCSC">C15850</field>
      </fields>
      <libsource lib="Device" part="C_Small" description="Unpolarized capacitor, small symbol"/>
      <property name="LCSC" value="C15850"/>
      <property name="Sheetname" value=""/>
      <property name="Sheetfile" value="MGB_Heavy_1.kicad_sch"/>
      <property name="ki_description" value="Unpolarized capacitor, small symbol"/>
      <property name="ki_keywords" value="capacitor cap"/>
      <sheetpath names="/" tstamps="/"/>
      <tstamps>534b1c45-f1fb-4a91-b88a-fe468347d564</tstamps>
    </comp>
    <comp ref="C26">
      <value>2.2uF</value>
      <footprint>Capacitor_SMD:C_0805_2012Metric_Pad1.18x1.45mm_HandSolder</footprint>
      <fields>
        <field name="LCSC">C53134</field>
      </fields>
      <libsource lib="Device" part="C_Small" description="Unpolarized capacitor, small symbol"/>
      <property name="LCSC" value="C53134"/>
      <property name="Sheetname" value=""/>
      <property name="Sheetfile" value="MGB_Heavy_1.kicad_sch"/>
      <property name="ki_description" value="Unpolarized capacitor, small symbol"/>
      <property name="ki_keywords" value="capacitor cap"/>
      <sheetpath names="/" tstamps="/"/>
      <tstamps>762b3660-2da5-4ef7-9f5a-67ebe9b7c0f2</tstamps>
    </comp>
    <comp ref="C27">
      <value>2.2uF</value>
      <footprint>Capacitor_SMD:C_0805_2012Metric_Pad1.18x1.45mm_HandSolder</footprint>
      <fields>
        <field name="LCSC">C15850</field>
      </fields>
      <libsource lib="Device" part="C_Small" description="Unpolarized capacitor, small symbol"/>
      <property name="LCSC" value="C15850"/>
      <property name="Sheetname" value=""/>
      <property name="Sheetfile" value="MGB_Heavy_1.kicad_sch"/>
      <property name="ki_description" value="Unpolarized capacitor, small symbol"/>
      <property name="ki_keywords" value="capacitor cap"/>
      <sheetpath names="/" tstamps="/"/>
      <tstamps>ef00781e-b5cf-4571-9b42-194927a45a1c</tstamps>
    </comp>
    <comp ref="C31">
      <value>100µf</value>
      <footprint>Capacitor_Tantalum_SMD:CP_EIA-3528-12_Kemet-T_Pad1.50x2.35mm_HandSolder</footprint>
      <fields>
        <field name="LCSC">C122271</field>
      </fields>
      <libsource lib="Device" part="C_Polarized_Small" description="Polarized capacitor, small symbol"/>
      <property name="LCSC" value="C122271"/>
      <property name="Sheetname" value=""/>
      <property name="Sheetfile" value="MGB_Heavy_1.kicad_sch"/>
      <property name="ki_description" value="Polarized capacitor, small symbol"/>
      <property name="ki_keywords" value="cap capacitor"/>
      <sheetpath names="/" tstamps="/"/>
      <tstamps>a070b200-75fc-4e1d-a778-17c5dd7f6fa8</tstamps>
    </comp>
    <comp ref="C32">
      <value>100µf</value>
      <footprint>Capacitor_Tantalum_SMD:CP_EIA-3528-12_Kemet-T_Pad1.50x2.35mm_HandSolder</footprint>
      <fields>
        <field name="LCSC">C122271</field>
      </fields>
      <libsource lib="Device" part="C_Polarized_Small" description="Polarized capacitor, small symbol"/>
      <property name="LCSC" value="C122271"/>
      <property name="Sheetname" value=""/>
      <property name="Sheetfile" value="MGB_Heavy_1.kicad_sch"/>
      <property name="ki_description" value="Polarized capacitor, small symbol"/>
      <property name="ki_keywords" value="cap capacitor"/>
      <sheetpath names="/" tstamps="/"/>
      <tstamps>90e5254a-ddc4-40bb-8d23-9031b172d9d6</tstamps>
    </comp>
    <comp ref="D2">
      <value>1SS355VM</value>
      <footprint>Diode_SMD:D_SOD-323F</footprint>
      <datasheet>https://fscdn.rohm.com/en/products/databook/datasheet/discrete/diode/switching/1ss355vmte-17-e.pdf</datasheet>
      <fields>
        <field name="Sim.Device">D</field>
        <field name="Sim.Pins">1=K 2=A</field>
      </fields>
      <libsource lib="Diode" part="1SS355VM" description="90V 0.1A high speed switching Diode, SOD-323F"/>
      <property name="Sim.Device" value="D"/>
      <property name="Sim.Pins" value="1=K 2=A"/>
      <property name="Sheetname" value=""/>
      <property name="Sheetfile" value="MGB_Heavy_1.kicad_sch"/>
      <property name="ki_description" value="90V 0.1A high speed switching Diode, SOD-323F"/>
      <property name="ki_keywords" value="diode"/>
      <sheetpath names="/" tstamps="/"/>
      <tstamps>5d86cc33-5575-4938-8b1b-080bb66f462a</tstamps>
    </comp>
    <comp ref="DA3">
      <value>UMN1N</value>
      <footprint>Package_TO_SOT_SMD:SOT-353_SC-70-5</footprint>
      <datasheet>https://fscdn.rohm.com/en/products/databook/datasheet/discrete/diode/switching/umn1ntr-e.pdf</datasheet>
      <libsource lib="Diode" part="Rohm_UMN1N" description="High-speed switching diodes 2 pair Com K"/>
      <property name="Sheetname" value=""/>
      <property name="Sheetfile" value="MGB_Heavy_1.kicad_sch"/>
      <property name="ki_description" value="High-speed switching diodes 2 pair Com K"/>
      <property name="ki_keywords" value="diode"/>
      <sheetpath names="/" tstamps="/"/>
      <tstamps>bcb0785b-c700-4350-9612-6eb76a806e3c ee22f391-75cb-48c6-8446-8ca1142b67fd 80e27310-9f95-40c2-9685-804126b5db1d 791e742f-b68b-4e5d-afa0-407a8e3cc5e7</tstamps>
    </comp>
    <comp ref="DA4">
      <value>UMP1N</value>
      <footprint>Package_TO_SOT_SMD:SOT-353_SC-70-5</footprint>
      <datasheet>https://fscdn.rohm.com/en/products/databook/datasheet/discrete/diode/switching/ump1ntr-e.pdf</datasheet>
      <libsource lib="Gekkio_Diode" part="UMP1N" description="High-speed switching diodes 2 pair Com A, SC-70-5"/>
      <property name="Sheetname" value=""/>
      <property name="Sheetfile" value="MGB_Heavy_1.kicad_sch"/>
      <property name="ki_description" value="High-speed switching diodes 2 pair Com A, SC-70-5"/>
      <property name="ki_keywords" value="diode"/>
      <sheetpath names="/" tstamps="/"/>
      <tstamps>8ee7770d-1bba-4c1d-92db-31b913d3c20a d8547dae-e6cb-442e-b7d7-241a1934d8c5 3d1b1bf1-d65c-4bb1-9eca-cec79ed06816 1668304d-8fc0-409d-9157-d9a67d25234f</tstamps>
    </comp>
    <comp ref="DC1">
      <value>DC-002-2.0A-1.3</value>
      <footprint>MGBHLibrary:DC-IN-TH_DC-002-2.0A-1.3</footprint>
      <datasheet>http://www.szlcsc.com/product/details_353351.html</datasheet>
      <fields>
        <field name="SuppliersPartNumber">C381119</field>
        <field name="uuid">std:fb4aa98a16074bf99c453e91413c02b8</field>
      </fields>
      <libsource lib="MGBH_symbols" part="DC-002-2.0A-1.3" description=""/>
      <property name="SuppliersPartNumber" value="C381119"/>
      <property name="uuid" value="std:fb4aa98a16074bf99c453e91413c02b8"/>
      <property name="Sheetname" value=""/>
      <property name="Sheetfile" value="MGB_Heavy_1.kicad_sch"/>
      <sheetpath names="/" tstamps="/"/>
      <tstamps>ccbba69c-419a-427f-b579-87eff1b4277a</tstamps>
    </comp>
    <comp ref="F1a1">
      <value>1A</value>
      <footprint>Fuse:Fuse_0603_1608Metric_Pad1.05x0.95mm_HandSolder</footprint>
      <libsource lib="Device" part="Fuse" description="Fuse"/>
      <property name="Sheetname" value=""/>
      <property name="Sheetfile" value="MGB_Heavy_1.kicad_sch"/>
      <property name="ki_description" value="Fuse"/>
      <property name="ki_keywords" value="fuse"/>
      <sheetpath names="/" tstamps="/"/>
      <tstamps>55c8e7be-9edd-4a62-ba99-e97f8268be61</tstamps>
    </comp>
    <comp ref="R3">
      <value>160kΩ</value>
      <footprint>Resistor_SMD:R_0603_1608Metric_Pad0.98x0.95mm_HandSolder</footprint>
      <fields>
        <field name="LCSC">C17501</field>
      </fields>
      <libsource lib="Device" part="R_Small" description="Resistor, small symbol"/>
      <property name="LCSC" value="C17501"/>
      <property name="Sheetname" value=""/>
      <property name="Sheetfile" value="MGB_Heavy_1.kicad_sch"/>
      <property name="ki_description" value="Resistor, small symbol"/>
      <property name="ki_keywords" value="R resistor"/>
      <sheetpath names="/" tstamps="/"/>
      <tstamps>37952215-fb2d-4b36-bd3b-402dc7639dab</tstamps>
    </comp>
    <comp ref="R9">
      <value>10kΩ</value>
      <footprint>Resistor_SMD:R_0805_2012Metric_Pad1.20x1.40mm_HandSolder</footprint>
      <fields>
        <field name="LCSC">C17414</field>
      </fields>
      <libsource lib="Device" part="R_Small" description="Resistor, small symbol"/>
      <property name="LCSC" value="C17414"/>
      <property name="Sheetname" value=""/>
      <property name="Sheetfile" value="MGB_Heavy_1.kicad_sch"/>
      <property name="ki_description" value="Resistor, small symbol"/>
      <property name="ki_keywords" value="R resistor"/>
      <sheetpath names="/" tstamps="/"/>
      <tstamps>a95127a5-c5c5-4157-bb2b-4e5f2774d18d</tstamps>
    </comp>
    <comp ref="RA1">
      <value>220Ω</value>
      <footprint>Resistor_SMD:R_Array_Convex_4x0603</footprint>
      <libsource lib="Device" part="R_Pack04" description="4 resistor network, parallel topology"/>
      <property name="Sheetname" value=""/>
      <property name="Sheetfile" value="MGB_Heavy_1.kicad_sch"/>
      <property name="ki_description" value="4 resistor network, parallel topology"/>
      <property name="ki_keywords" value="R network parallel topology isolated"/>
      <sheetpath names="/" tstamps="/"/>
      <tstamps>ba5db26d-c3a4-4643-9f56-2ddf5ba37d5d</tstamps>
    </comp>
    <comp ref="RA4">
      <value>510Ω</value>
      <footprint>Resistor_SMD:R_Array_Convex_2x0603</footprint>
      <libsource lib="Device" part="R_Pack02" description="2 resistor network, parallel topology"/>
      <property name="Sheetname" value=""/>
      <property name="Sheetfile" value="MGB_Heavy_1.kicad_sch"/>
      <property name="ki_description" value="2 resistor network, parallel topology"/>
      <property name="ki_keywords" value="R network parallel topology isolated"/>
      <sheetpath names="/" tstamps="/"/>
      <tstamps>e2d2eef6-1c14-44b9-867d-cb91f4ac606f</tstamps>
    </comp>
    <comp ref="SW1">
      <value>DPDT</value>
      <footprint>MGBHLibrary:Hybrid DMG Switch</footprint>
      <fields>
        <field name="LCSC">C2848866</field>
      </fields>
      <libsource lib="kmc_lib" part="DMGB_SW" description="Double Pole Single Throw (DPST) Switch"/>
      <property name="LCSC" value="C2848866"/>
      <property name="Sheetname" value=""/>
      <property name="Sheetfile" value="MGB_Heavy_1.kicad_sch"/>
      <property name="ki_description" value="Double Pole Single Throw (DPST) Switch"/>
      <property name="ki_keywords" value="switch dual double-pole single-throw OFF-ON"/>
      <sheetpath names="/" tstamps="/"/>
      <tstamps>020d1bac-a1b5-471a-a5c0-4739cd5b0d2c</tstamps>
    </comp>
    <comp ref="U1">
      <value>CPU</value>
      <footprint>Gekkio_Package_QFP:Sharp_QFP-80_14x20mm_P0.8mm</footprint>
      <libsource lib="Gekkio_CPU_Nintendo" part="GameBoy_CPU_MGB" description="CPU, Game Boy Pocket (MGB), Game Boy Light (MGL), QFP-80"/>
      <property name="Sheetname" value=""/>
      <property name="Sheetfile" value="MGB_Heavy_1.kicad_sch"/>
      <property name="ki_description" value="CPU, Game Boy Pocket (MGB), Game Boy Light (MGL), QFP-80"/>
      <property name="ki_keywords" value="gameboy CPU SoC"/>
      <sheetpath names="/" tstamps="/"/>
      <tstamps>c03b57af-2fdf-422f-a6b0-d59321d9db4d</tstamps>
    </comp>
    <comp ref="U3">
      <value>AMP</value>
      <footprint>Gekkio_Package_SO:Sharp_SSOP-18_6x7.4mm_P0.8mm</footprint>
      <libsource lib="Gekkio_Amplifier_Audio" part="IR3R53N" description="Audio amplifier, Game Boy Pocket (MGB), SSOP-18"/>
      <property name="Sheetname" value=""/>
      <property name="Sheetfile" value="MGB_Heavy_1.kicad_sch"/>
      <property name="ki_description" value="Audio amplifier, Game Boy Pocket (MGB), SSOP-18"/>
      <property name="ki_keywords" value="gameboy audio amplifier"/>
      <sheetpath names="/" tstamps="/"/>
      <tstamps>2be5ecde-4192-40e4-88c9-203145094074</tstamps>
    </comp>
    <comp ref="U5">
      <value>LPW5209B5F-21</value>
      <footprint>Package_TO_SOT_SMD:SOT-23-5_HandSoldering</footprint>
      <datasheet>https://lcsc.com/product-detail/PMIC-Power-Distribution-Switches_LOWPOWER-LPW5209B5F-21_C517266.html</datasheet>
      <fields>
        <field name="JLC Part">Extended Part</field>
        <field name="LCSC">C517266</field>
        <field name="Manufacturer">LOWPOWER</field>
      </fields>
      <libsource lib="easyeda2kicad" part="LPW5209B5F-21" description=""/>
      <property name="Manufacturer" value="LOWPOWER"/>
      <property name="JLC Part" value="Extended Part"/>
      <property name="LCSC" value="C517266"/>
      <property name="Sheetname" value=""/>
      <property name="Sheetfile" value="MGB_Heavy_1.kicad_sch"/>
      <sheetpath names="/" tstamps="/"/>
      <tstamps>390782ac-4947-4349-adaf-75da796b81fb</tstamps>
    </comp>
    <comp ref="U6">
      <value>PST9135N</value>
      <footprint>Package_TO_SOT_SMD:SOT-23-5_HandSoldering</footprint>
      <datasheet>https://www.semiee.com/file/EOL2/Mitsumi-PST9119N.pdf</datasheet>
      <libsource lib="Gekkio_Power_Supervisor" part="PST9135N" description="System Reset, SOT-23-5"/>
      <property name="Sheetname" value=""/>
      <property name="Sheetfile" value="MGB_Heavy_1.kicad_sch"/>
      <property name="ki_description" value="System Reset, SOT-23-5"/>
      <property name="ki_keywords" value="supervisor reset"/>
      <sheetpath names="/" tstamps="/"/>
      <tstamps>06a7fae3-8585-4763-9a87-f4e6ad9f4b36</tstamps>
    </comp>
    <comp ref="X1">
      <value>4.194304 MHz</value>
      <footprint>MGBHLibrary:Crystal</footprint>
      <fields>
        <field name="LCSC">C2149317</field>
      </fields>
      <libsource lib="Device" part="Crystal_Small" description="Two pin crystal, small symbol"/>
      <property name="LCSC" value="C2149317"/>
      <property name="Sheetname" value=""/>
      <property name="Sheetfile" value="MGB_Heavy_1.kicad_sch"/>
      <property name="ki_description" value="Two pin crystal, small symbol"/>
      <property name="ki_keywords" value="quartz ceramic resonator oscillator"/>
      <sheetpath names="/" tstamps="/"/>
      <tstamps>c40183b9-eddd-4ca8-ab55-bdfcfaecfe79</tstamps>
    </comp>
  </components>
  <libparts>
    <libpart lib="Device" part="C">
      <description>Unpolarized capacitor</description>
      <docs>~</docs>
      <footprints>
        <fp>C_*</fp>
      </footprints>
      <fields>
        <field name="Reference">C</field>
        <field name="Value">C</field>
        <field name="Datasheet">~</field>
      </fields>
      <pins>
        <pin num="1" name="" type="passive"/>
        <pin num="2" name="" type="passive"/>
      </pins>
    </libpart>
    <libpart lib="Device" part="C_Polarized_Small">
      <description>Polarized capacitor, small symbol</description>
      <docs>~</docs>
      <footprints>
        <fp>CP_*</fp>
      </footprints>
      <fields>
        <field name="Reference">C</field>
        <field name="Value">C_Polarized_Small</field>
        <field name="Datasheet">~</field>
      </fields>
      <pins>
        <pin num="1" name="" type="passive"/>
        <pin num="2" name="" type="passive"/>
      </pins>
    </libpart>
    <libpart lib="Device" part="C_Small">
      <description>Unpolarized capacitor, small symbol</description>
      <docs>~</docs>
      <footprints>
        <fp>C_*</fp>
      </footprints>
      <fields>
        <field name="Reference">C</field>
        <field name="Value">C_Small</field>
        <field name="Datasheet">~</field>
      </fields>
      <pins>
        <pin num="1" name="" type="passive"/>
        <pin num="2" name="" type="passive"/>
      </pins>
    </libpart>
    <libpart lib="Device" part="Crystal_Small">
      <description>Two pin crystal, small symbol</description>
      <docs>~</docs>
      <footprints>
        <fp>Crystal*</fp>
      </footprints>
      <fields>
        <field name="Reference">Y</field>
        <field name="Value">Crystal_Small</field>
        <field name="Datasheet">~</field>
      </fields>
      <pins>
        <pin num="1" name="1" type="passive"/>
        <pin num="2" name="2" type="passive"/>
      </pins>
    </libpart>
    <libpart lib="Device" part="Fuse">
      <description>Fuse</description>
      <docs>~</docs>
      <footprints>
        <fp>*Fuse*</fp>
      </footprints>
      <fields>
        <field name="Reference">F</field>
        <field name="Value">Fuse</field>
        <field name="Datasheet">~</field>
      </fields>
      <pins>
        <pin num="1" name="" type="passive"/>
        <pin num="2" name="" type="passive"/>
      </pins>
    </libpart>
    <libpart lib="Device" part="R_Pack02">
      <description>2 resistor network, parallel topology</description>
      <docs>~</docs>
      <footprints>
        <fp>DIP*</fp>
        <fp>SOIC*</fp>
        <fp>R*Array*Concave*</fp>
        <fp>R*Array*Convex*</fp>
      </footprints>
      <fields>
        <field name="Reference">RN</field>
        <field name="Value">R_Pack02</field>
        <field name="Datasheet">~</field>
      </fields>
      <pins>
        <pin num="1" name="R1.1" type="passive"/>
        <pin num="2" name="R2.1" type="passive"/>
        <pin num="3" name="R2.2" type="passive"/>
        <pin num="4" name="R1.2" type="passive"/>
      </pins>
    </libpart>
    <libpart lib="Device" part="R_Pack04">
      <description>4 resistor network, parallel topology</description>
      <docs>~</docs>
      <footprints>
        <fp>DIP*</fp>
        <fp>SOIC*</fp>
        <fp>R*Array*Concave*</fp>
        <fp>R*Array*Convex*</fp>
      </footprints>
      <fields>
        <field name="Reference">RN</field>
        <field name="Value">R_Pack04</field>
        <field name="Datasheet">~</field>
      </fields>
      <pins>
        <pin num="1" name="R1.1" type="passive"/>
        <pin num="2" name="R2.1" type="passive"/>
        <pin num="3" name="R3.1" type="passive"/>
        <pin num="4" name="R4.1" type="passive"/>
        <pin num="5" name="R4.2" type="passive"/>
        <pin num="6" name="R3.2" type="passive"/>
        <pin num="7" name="R2.2" type="passive"/>
        <pin num="8" name="R1.2" type="passive"/>
      </pins>
    </libpart>
    <libpart lib="Device" part="R_Small">
      <description>Resistor, small symbol</description>
      <docs>~</docs>
      <footprints>
        <fp>R_*</fp>
      </footprints>
      <fields>
        <field name="Reference">R</field>
        <field name="Value">R_Small</field>
        <field name="Datasheet">~</field>
      </fields>
      <pins>
        <pin num="1" name="" type="passive"/>
        <pin num="2" name="" type="passive"/>
      </pins>
    </libpart>
    <libpart lib="Diode" part="1SS355VM">
      <description>90V 0.1A high speed switching Diode, SOD-323F</description>
      <docs>https://fscdn.rohm.com/en/products/databook/datasheet/discrete/diode/switching/1ss355vmte-17-e.pdf</docs>
      <footprints>
        <fp>D*SOD?323F*</fp>
      </footprints>
      <fields>
        <field name="Reference">D</field>
        <field name="Value">1SS355VM</field>
        <field name="Footprint">Diode_SMD:D_SOD-323F</field>
        <field name="Datasheet">https://fscdn.rohm.com/en/products/databook/datasheet/discrete/diode/switching/1ss355vmte-17-e.pdf</field>
        <field name="Sim.Device">D</field>
        <field name="Sim.Pins">1=K 2=A</field>
      </fields>
      <pins>
        <pin num="1" name="K" type="passive"/>
        <pin num="2" name="A" type="passive"/>
      </pins>
    </libpart>
    <libpart lib="Diode" part="Rohm_UMN1N">
      <description>High-speed switching diodes 2 pair Com K</description>
      <docs>https://fscdn.rohm.com/en/products/databook/datasheet/discrete/diode/switching/umn1ntr-e.pdf</docs>
      <footprints>
        <fp>SOT?353*</fp>
      </footprints>
      <fields>
        <field name="Reference">D</field>
        <field name="Value">Rohm_UMN1N</field>
        <field name="Footprint">Package_TO_SOT_SMD:SOT-353_SC-70-5</field>
        <field name="Datasheet">https://fscdn.rohm.com/en/products/databook/datasheet/discrete/diode/switching/umn1ntr-e.pdf</field>
      </fields>
      <pins>
        <pin num="1" name="A" type="passive"/>
        <pin num="2" name="K" type="passive"/>
        <pin num="3" name="A" type="passive"/>
        <pin num="4" name="A" type="passive"/>
        <pin num="5" name="A" type="passive"/>
      </pins>
    </libpart>
    <libpart lib="Gekkio_Amplifier_Audio" part="IR3R53N">
      <description>Audio amplifier, Game Boy Pocket (MGB), SSOP-18</description>
      <footprints>
        <fp>*SSOP*6x7.4mm*P0.8mm*</fp>
      </footprints>
      <fields>
        <field name="Reference">U</field>
        <field name="Value">IR3R53N</field>
        <field name="Footprint">Gekkio_Package_SO:Sharp_SSOP-18_6x7.4mm_P0.8mm</field>
      </fields>
      <pins>
        <pin num="1" name="GND1" type="power_in"/>
        <pin num="2" name="GND2" type="power_in"/>
        <pin num="3" name="SPKOUT" type="output"/>
        <pin num="4" name="VCC1" type="power_in"/>
        <pin num="5" name="~{SD}" type="input"/>
        <pin num="6" name="SW" type="input"/>
        <pin num="7" name="RIN" type="input"/>
        <pin num="8" name="LIN" type="input"/>
        <pin num="9" name="NC" type="no_connect"/>
        <pin num="10" name="NC" type="no_connect"/>
        <pin num="11" name="GND3" type="power_in"/>
        <pin num="12" name="HPLOUT" type="output"/>
        <pin num="13" name="HPLBC" type="passive"/>
        <pin num="14" name="VCC2" type="power_in"/>
        <pin num="15" name="HPROUT" type="output"/>
        <pin num="16" name="HPRBC" type="passive"/>
        <pin num="17" name="SPKBC" type="passive"/>
        <pin num="18" name="NC" type="no_connect"/>
      </pins>
    </libpart>
    <libpart lib="Gekkio_CPU_Nintendo" part="GameBoy_CPU_MGB">
      <description>CPU, Game Boy Pocket (MGB), Game Boy Light (MGL), QFP-80</description>
      <footprints>
        <fp>*QFP*14x20mm*P0.8mm*</fp>
      </footprints>
      <fields>
        <field name="Reference">U</field>
        <field name="Value">GameBoy_CPU_MGB</field>
        <field name="Footprint">Gekkio_Package_QFP:Sharp_QFP-80_14x20mm_P0.8mm</field>
      </fields>
      <pins>
        <pin num="1" name="A0" type="bidirectional"/>
        <pin num="2" name="A1" type="bidirectional"/>
        <pin num="3" name="A2" type="bidirectional"/>
        <pin num="4" name="A3" type="bidirectional"/>
        <pin num="5" name="A4" type="bidirectional"/>
        <pin num="6" name="A5" type="bidirectional"/>
        <pin num="7" name="A6" type="bidirectional"/>
        <pin num="8" name="A7" type="bidirectional"/>
        <pin num="9" name="A8" type="bidirectional"/>
        <pin num="10" name="A9" type="bidirectional"/>
        <pin num="11" name="A10" type="bidirectional"/>
        <pin num="12" name="A11" type="bidirectional"/>
        <pin num="13" name="A12" type="bidirectional"/>
        <pin num="14" name="A13" type="bidirectional"/>
        <pin num="15" name="A14" type="bidirectional"/>
        <pin num="16" name="A15" type="bidirectional"/>
        <pin num="17" name="D0" type="bidirectional"/>
        <pin num="18" name="D1" type="bidirectional"/>
        <pin num="19" name="D2" type="bidirectional"/>
        <pin num="20" name="D3" type="bidirectional"/>
        <pin num="21" name="D4" type="bidirectional"/>
        <pin num="22" name="D5" type="bidirectional"/>
        <pin num="23" name="D6" type="bidirectional"/>
        <pin num="24" name="D7" type="bidirectional"/>
        <pin num="25" name="~{RES}" type="input"/>
        <pin num="26" name="VIN" type="input"/>
        <pin num="27" name="SO1" type="output"/>
        <pin num="28" name="SO2" type="output"/>
        <pin num="29" name="MD7" type="bidirectional"/>
        <pin num="30" name="MD6" type="bidirectional"/>
        <pin num="31" name="MD5" type="bidirectional"/>
        <pin num="32" name="GND" type="power_in"/>
        <pin num="33" name="MD4" type="bidirectional"/>
        <pin num="34" name="MD3" type="bidirectional"/>
        <pin num="35" name="MD2" type="bidirectional"/>
        <pin num="36" name="MD1" type="bidirectional"/>
        <pin num="37" name="MD0" type="bidirectional"/>
        <pin num="38" name="SOUT" type="output"/>
        <pin num="39" name="SCK" type="bidirectional"/>
        <pin num="40" name="SIN" type="bidirectional"/>
        <pin num="41" name="CPG" type="output"/>
        <pin num="42" name="CPL" type="output"/>
        <pin num="43" name="ST" type="output"/>
        <pin num="44" name="LD0" type="output"/>
        <pin num="45" name="LD1" type="output"/>
        <pin num="46" name="CP" type="output"/>
        <pin num="47" name="FR" type="output"/>
        <pin num="48" name="S" type="output"/>
        <pin num="49" name="MA0" type="output"/>
        <pin num="50" name="MA1" type="output"/>
        <pin num="51" name="MA2" type="output"/>
        <pin num="52" name="MA3" type="output"/>
        <pin num="53" name="VDD" type="power_in"/>
        <pin num="54" name="MA4" type="output"/>
        <pin num="55" name="MA5" type="output"/>
        <pin num="56" name="MA6" type="output"/>
        <pin num="57" name="MA7" type="output"/>
        <pin num="58" name="MA12" type="output"/>
        <pin num="59" name="~{MCS}" type="bidirectional"/>
        <pin num="60" name="MA10" type="output"/>
        <pin num="61" name="~{MRD}" type="bidirectional"/>
        <pin num="62" name="MA11" type="output"/>
        <pin num="63" name="MA9" type="output"/>
        <pin num="64" name="MA8" type="output"/>
        <pin num="65" name="~{MWR}" type="bidirectional"/>
        <pin num="66" name="CK2" type="passive"/>
        <pin num="67" name="CK1" type="input"/>
        <pin num="68" name="P15" type="output"/>
        <pin num="69" name="P14" type="output"/>
        <pin num="70" name="P13" type="bidirectional"/>
        <pin num="71" name="P12" type="bidirectional"/>
        <pin num="72" name="GND" type="passive"/>
        <pin num="73" name="P11" type="bidirectional"/>
        <pin num="74" name="P10" type="bidirectional"/>
        <pin num="75" name="T2" type="input"/>
        <pin num="76" name="T1" type="input"/>
        <pin num="77" name="PHI" type="output"/>
        <pin num="78" name="~{WR}" type="bidirectional"/>
        <pin num="79" name="~{RD}" type="bidirectional"/>
        <pin num="80" name="~{CS}" type="output"/>
      </pins>
    </libpart>
    <libpart lib="Gekkio_Connector_Specialized" part="GameBoy_Cartridge">
      <description>Game Boy cartridge edge connector</description>
      <footprints>
        <fp>GameBoy?Cartridge*P1.50mm*</fp>
      </footprints>
      <fields>
        <field name="Reference">J</field>
        <field name="Value">GameBoy_Cartridge</field>
      </fields>
      <pins>
        <pin num="1" name="VCC" type="passive"/>
        <pin num="2" name="PHI" type="passive"/>
        <pin num="3" name="~{WR}" type="passive"/>
        <pin num="4" name="~{RD}" type="passive"/>
        <pin num="5" name="~{CS}" type="passive"/>
        <pin num="6" name="A0" type="passive"/>
        <pin num="7" name="A1" type="passive"/>
        <pin num="8" name="A2" type="passive"/>
        <pin num="9" name="A3" type="passive"/>
        <pin num="10" name="A4" type="passive"/>
        <pin num="11" name="A5" type="passive"/>
        <pin num="12" name="A6" type="passive"/>
        <pin num="13" name="A7" type="passive"/>
        <pin num="14" name="A8" type="passive"/>
        <pin num="15" name="A9" type="passive"/>
        <pin num="16" name="A10" type="passive"/>
        <pin num="17" name="A11" type="passive"/>
        <pin num="18" name="A12" type="passive"/>
        <pin num="19" name="A13" type="passive"/>
        <pin num="20" name="A14" type="passive"/>
        <pin num="21" name="A15" type="passive"/>
        <pin num="22" name="D0" type="passive"/>
        <pin num="23" name="D1" type="passive"/>
        <pin num="24" name="D2" type="passive"/>
        <pin num="25" name="D3" type="passive"/>
        <pin num="26" name="D4" type="passive"/>
        <pin num="27" name="D5" type="passive"/>
        <pin num="28" name="D6" type="passive"/>
        <pin num="29" name="D7" type="passive"/>
        <pin num="30" name="~{RES}" type="passive"/>
        <pin num="31" name="VIN" type="passive"/>
        <pin num="32" name="GND" type="passive"/>
      </pins>
    </libpart>
    <libpart lib="Gekkio_Connector_Specialized" part="GameBoy_LinkPort">
      <description>Game Boy link port</description>
      <footprints>
        <fp>GameBoy?LinkPort*</fp>
      </footprints>
      <fields>
        <field name="Reference">J</field>
        <field name="Value">GameBoy_LinkPort</field>
      </fields>
      <pins>
        <pin num="1" name="VDD" type="passive"/>
        <pin num="2" name="SO" type="passive"/>
        <pin num="3" name="SI" type="passive"/>
        <pin num="4" name="SD" type="passive"/>
        <pin num="5" name="SC" type="passive"/>
        <pin num="6" name="GND" type="passive"/>
        <pin num="SH" name="" type="passive"/>
      </pins>
    </libpart>
    <libpart lib="Gekkio_Diode" part="UMP1N">
      <description>High-speed switching diodes 2 pair Com A, SC-70-5</description>
      <docs>https://fscdn.rohm.com/en/products/databook/datasheet/discrete/diode/switching/ump1ntr-e.pdf</docs>
      <footprints>
        <fp>SOT?353*</fp>
      </footprints>
      <fields>
        <field name="Reference">D</field>
        <field name="Value">UMP1N</field>
        <field name="Footprint">Package_TO_SOT_SMD:SOT-353_SC-70-5</field>
        <field name="Datasheet">https://fscdn.rohm.com/en/products/databook/datasheet/discrete/diode/switching/ump1ntr-e.pdf</field>
      </fields>
      <pins>
        <pin num="1" name="K" type="passive"/>
        <pin num="2" name="A" type="passive"/>
        <pin num="3" name="K" type="passive"/>
        <pin num="4" name="K" type="passive"/>
        <pin num="5" name="K" type="passive"/>
      </pins>
    </libpart>
    <libpart lib="Gekkio_Memory_RAM" part="GameBoy_SRAM_64K">
      <description>64kb (8K x 8) Game Boy SRAM chip, SOIC-28W</description>
      <footprints>
        <fp>*SOIC*28W*7.5x17.9mm*1.27*</fp>
      </footprints>
      <fields>
        <field name="Reference">U</field>
        <field name="Value">GameBoy_SRAM_64K</field>
        <field name="Footprint">Package_SO:SOIC-28W_7.5x17.9mm_P1.27mm</field>
      </fields>
      <pins>
        <pin num="1" name="NC" type="no_connect"/>
        <pin num="2" name="A12" type="input"/>
        <pin num="3" name="A7" type="input"/>
        <pin num="4" name="A6" type="input"/>
        <pin num="5" name="A5" type="input"/>
        <pin num="6" name="A4" type="input"/>
        <pin num="7" name="A3" type="input"/>
        <pin num="8" name="A2" type="input"/>
        <pin num="9" name="A1" type="input"/>
        <pin num="10" name="A0" type="input"/>
        <pin num="11" name="I/O0" type="bidirectional"/>
        <pin num="12" name="I/O1" type="bidirectional"/>
        <pin num="13" name="I/O2" type="bidirectional"/>
        <pin num="14" name="GND" type="power_in"/>
        <pin num="15" name="I/O3" type="bidirectional"/>
        <pin num="16" name="I/O4" type="bidirectional"/>
        <pin num="17" name="I/O5" type="bidirectional"/>
        <pin num="18" name="I/O6" type="bidirectional"/>
        <pin num="19" name="I/O7" type="bidirectional"/>
        <pin num="20" name="~{CE1}" type="input"/>
        <pin num="21" name="A10" type="input"/>
        <pin num="22" name="~{OE}" type="input"/>
        <pin num="23" name="A11" type="input"/>
        <pin num="24" name="A9" type="input"/>
        <pin num="25" name="A8" type="input"/>
        <pin num="26" name="CE2" type="input"/>
        <pin num="27" name="~{WE}" type="input"/>
        <pin num="28" name="VCC" type="power_in"/>
      </pins>
    </libpart>
    <libpart lib="Gekkio_Power_Supervisor" part="PST9135N">
      <description>System Reset, SOT-23-5</description>
      <docs>https://www.semiee.com/file/EOL2/Mitsumi-PST9119N.pdf</docs>
      <footprints>
        <fp>SOT?23*</fp>
      </footprints>
      <fields>
        <field name="Reference">U</field>
        <field name="Value">PST9135N</field>
        <field name="Footprint">Package_TO_SOT_SMD:SOT-23-5</field>
        <field name="Datasheet">https://www.semiee.com/file/EOL2/Mitsumi-PST9119N.pdf</field>
      </fields>
      <pins>
        <pin num="1" name="NC" type="no_connect"/>
        <pin num="2" name="SUB" type="power_in"/>
        <pin num="3" name="GND" type="power_in"/>
        <pin num="4" name="VOUT" type="open_collector"/>
        <pin num="5" name="VCC" type="power_in"/>
      </pins>
    </libpart>
    <libpart lib="Jumper" part="SolderJumper_2_Open">
      <description>Solder Jumper, 2-pole, open</description>
      <docs>~</docs>
      <footprints>
        <fp>SolderJumper*Open*</fp>
      </footprints>
      <fields>
        <field name="Reference">JP</field>
        <field name="Value">SolderJumper_2_Open</field>
        <field name="Datasheet">~</field>
      </fields>
      <pins>
        <pin num="1" name="A" type="passive"/>
        <pin num="2" name="B" type="passive"/>
      </pins>
    </libpart>
    <libpart lib="MGBH_symbols" part="DC-002-2.0A-1.3">
      <docs>http://www.szlcsc.com/product/details_353351.html</docs>
      <fields>
        <field name="Reference">DC</field>
        <field name="Value">DC-002-2.0A-1.3</field>
        <field name="Footprint">kicad_lceda:DC-IN-TH_DC-002-2.0A-1.3</field>
        <field name="Datasheet">http://www.szlcsc.com/product/details_353351.html</field>
        <field name="SuppliersPartNumber">C381119</field>
        <field name="uuid">std:fb4aa98a16074bf99c453e91413c02b8</field>
      </fields>
      <pins>
        <pin num="1" name="1" type="input"/>
        <pin num="2" name="2" type="input"/>
        <pin num="3" name="3" type="input"/>
      </pins>
    </libpart>
    <libpart lib="Mechanical" part="MountingHole_Pad">
      <description>Mounting Hole with connection</description>
      <docs>~</docs>
      <footprints>
        <fp>MountingHole*Pad*</fp>
      </footprints>
      <fields>
        <field name="Reference">H</field>
        <field name="Value">MountingHole_Pad</field>
        <field name="Datasheet">~</field>
      </fields>
      <pins>
        <pin num="1" name="1" type="input"/>
      </pins>
    </libpart>
    <libpart lib="easyeda2kicad" part="LPW5209B5F-21">
      <docs>https://lcsc.com/product-detail/PMIC-Power-Distribution-Switches_LOWPOWER-LPW5209B5F-21_C517266.html</docs>
      <fields>
        <field name="Reference">U</field>
        <field name="Value">LPW5209B5F-21</field>
        <field name="Footprint">easyeda2kicad:SOT-23-5_L2.9-W1.6-P0.95-LS2.8-BL</field>
        <field name="Datasheet">https://lcsc.com/product-detail/PMIC-Power-Distribution-Switches_LOWPOWER-LPW5209B5F-21_C517266.html</field>
        <field name="Manufacturer">LOWPOWER</field>
        <field name="LCSC">C517266</field>
        <field name="JLC Part">Extended Part</field>
      </fields>
      <pins>
        <pin num="1" name="VOUT" type="power_out"/>
        <pin num="2" name="GND" type="power_in"/>
        <pin num="3" name="ISET/NC" type="no_connect"/>
        <pin num="4" name="EN" type="input"/>
        <pin num="5" name="VIN" type="power_in"/>
      </pins>
    </libpart>
    <libpart lib="kmc_lib" part="DMGB_AUDIO_HEADER">
      <fields>
        <field name="Reference">H</field>
        <field name="Value">DMGB_AUDIO_HEADER</field>
      </fields>
      <pins>
        <pin num="1" name="VDD" type="power_in"/>
        <pin num="2" name="LEFT" type="input"/>
        <pin num="3" name="RIGHT" type="input"/>
        <pin num="4" name="GND" type="power_in"/>
        <pin num="5" name="EN" type="output"/>
      </pins>
    </libpart>
    <libpart lib="kmc_lib" part="DMGB_POWER_HEADER">
      <fields>
        <field name="Reference">H</field>
        <field name="Value">DMGB_POWER_HEADER</field>
      </fields>
      <pins>
        <pin num="1" name="5V" type="power_out"/>
        <pin num="2" name="-18V" type="power_out"/>
        <pin num="3" name="GND" type="power_in"/>
        <pin num="4" name="SWITCH" type="power_in"/>
        <pin num="5" name="BAT+" type="power_in"/>
        <pin num="6" name="VCC" type="power_in"/>
      </pins>
    </libpart>
    <libpart lib="kmc_lib" part="DMGB_SW">
      <description>Double Pole Single Throw (DPST) Switch</description>
      <docs>~</docs>
      <fields>
        <field name="Reference">SW</field>
        <field name="Value">DMGB_SW</field>
        <field name="Datasheet">~</field>
      </fields>
      <pins>
        <pin num="1" name="VOUT" type="passive"/>
        <pin num="2" name="VIN" type="passive"/>
        <pin num="5" name="RST" type="passive"/>
        <pin num="6" name="GND" type="passive"/>
        <pin num="7" name="SH" type="passive"/>
      </pins>
    </libpart>
    <libpart lib="kmc_lib" part="DMG_BATTERY_PADS">
      <fields>
        <field name="Reference">H</field>
        <field name="Value">DMG_BATTERY_PADS</field>
        <field name="Footprint">kmc_lib:DMG_BATTERY_PADS</field>
      </fields>
      <pins>
        <pin num="1" name="+" type="power_out"/>
        <pin num="2" name="-" type="power_out"/>
      </pins>
    </libpart>
    <libpart lib="kmc_lib" part="RK10J12E002L">
      <docs>http://www.szlcsc.com/product/details_231613.html</docs>
      <fields>
        <field name="Reference">R</field>
        <field name="Value">RK10J12E002L</field>
        <field name="Footprint">kmc_lib:RES-TH_RK10J12E002L</field>
        <field name="Datasheet">http://www.szlcsc.com/product/details_231613.html</field>
        <field name="SuppliersPartNumber">C231765</field>
      </fields>
      <pins>
        <pin num="1" name="1" type="passive"/>
        <pin num="2" name="2" type="passive"/>
        <pin num="3" name="3" type="passive"/>
        <pin num="4" name="4" type="passive"/>
        <pin num="5" name="5" type="passive"/>
        <pin num="6" name="EH" type="passive"/>
        <pin num="7" name="EH" type="passive"/>
      </pins>
    </libpart>
    <libpart lib="kmc_lib" part="ROLF_DMG_SCREEN_CONN">
      <fields>
        <field name="Reference">P</field>
        <field name="Value">ROLF_DMG_SCREEN_CONN</field>
        <field name="Footprint">kmc_lib:DMG_FPC_CONN</field>
      </fields>
      <pins>
        <pin num="1" name="GND" type="passive"/>
        <pin num="2" name="VLED" type="passive"/>
        <pin num="3" name="-18V" type="passive"/>
        <pin num="4" name="P11" type="passive"/>
        <pin num="5" name="P14" type="passive"/>
        <pin num="6" name="P13" type="passive"/>
        <pin num="7" name="P12" type="passive"/>
        <pin num="8" name="P10" type="passive"/>
        <pin num="9" name="P15" type="passive"/>
        <pin num="10" name="GND" type="passive"/>
        <pin num="11" name="VCC" type="passive"/>
        <pin num="12" name="VSYNC" type="passive"/>
        <pin num="13" name="ALTSIG" type="passive"/>
        <pin num="14" name="CLK" type="passive"/>
        <pin num="15" name="D1" type="passive"/>
        <pin num="16" name="D0" type="passive"/>
        <pin num="17" name="HSYNC" type="passive"/>
        <pin num="18" name="DLATCH" type="passive"/>
        <pin num="19" name="CTRL" type="passive"/>
        <pin num="20" name="SPKR" type="passive"/>
        <pin num="21" name="GND" type="passive"/>
      </pins>
    </libpart>
    <libpart lib="kmc_lib" part="kmc">
      <fields>
        <field name="Reference">G</field>
        <field name="Value">kmc</field>
        <field name="Footprint">eda-glyphs:kmc</field>
      </fields>
    </libpart>
  </libparts>
  <libraries>
    <library logical="Device">
      <uri>C:\Program Files\KiCad\7.0\share\kicad\symbols\/Device.kicad_sym</uri>
    </library>
    <library logical="Diode">
      <uri>C:\Program Files\KiCad\7.0\share\kicad\symbols\/Diode.kicad_sym</uri>
    </library>
    <library logical="Gekkio_Amplifier_Audio">
      <uri>C:/Users/garya/Downloads/gekkio-kicad-libs-main/gekkio-kicad-libs-main/Gekkio_Amplifier_Audio.kicad_sym</uri>
    </library>
    <library logical="Gekkio_CPU_Nintendo">
      <uri>C:/Users/garya/Downloads/gekkio-kicad-libs-main/gekkio-kicad-libs-main/Gekkio_CPU_Nintendo.kicad_sym</uri>
    </library>
    <library logical="Gekkio_Connector_Specialized">
      <uri>C:/Users/garya/Downloads/gekkio-kicad-libs-main/gekkio-kicad-libs-main/Gekkio_Connector_Specialized.kicad_sym</uri>
    </library>
    <library logical="Gekkio_Diode">
      <uri>C:/Users/garya/Downloads/gekkio-kicad-libs-main/gekkio-kicad-libs-main/Gekkio_Diode.kicad_sym</uri>
    </library>
    <library logical="Gekkio_Memory_RAM">
      <uri>C:/Users/garya/Downloads/gekkio-kicad-libs-main/gekkio-kicad-libs-main/Gekkio_Memory_RAM.kicad_sym</uri>
    </library>
    <library logical="Gekkio_Power_Supervisor">
      <uri>C:/Users/garya/Downloads/gekkio-kicad-libs-main/gekkio-kicad-libs-main/Gekkio_Power_Supervisor.kicad_sym</uri>
    </library>
    <library logical="Jumper">
      <uri>C:\Program Files\KiCad\7.0\share\kicad\symbols\/Jumper.kicad_sym</uri>
    </library>
    <library logical="MGBH_symbols">
      <uri>C:\Users\garya\OneDrive\Documents\MGB_Heavy_1/MGBH_symbols.kicad_sym</uri>
    </library>
    <library logical="Mechanical">
      <uri>C:\Program Files\KiCad\7.0\share\kicad\symbols\/Mechanical.kicad_sym</uri>
    </library>
  </libraries>
  <nets>
    <net code="1" name="+5V">
      <node ref="C11" pin="2" pintype="passive"/>
      <node ref="C12" pin="1" pintype="passive"/>
      <node ref="C13" pin="2" pintype="passive"/>
      <node ref="C31" pin="1" pintype="passive"/>
      <node ref="C32" pin="1" pintype="passive"/>
      <node ref="DA3" pin="2" pinfunction="K" pintype="passive"/>
      <node ref="R3" pin="2" pintype="passive"/>
      <node ref="U1" pin="53" pinfunction="VDD" pintype="power_in"/>
      <node ref="U3" pin="14" pinfunction="VCC2" pintype="power_in"/>
      <node ref="U3" pin="4" pinfunction="VCC1" pintype="power_in"/>
      <node ref="U3" pin="5" pinfunction="~{SD}" pintype="input"/>
      <node ref="U6" pin="5" pinfunction="VCC" pintype="power_in"/>
    </net>
    <net code="2" name="+BATT">
      <node ref="C24" pin="2" pintype="passive"/>
      <node ref="F1a1" pin="2" pintype="passive"/>
      <node ref="SW1" pin="2" pinfunction="VIN" pintype="passive"/>
      <node ref="U5" pin="5" pinfunction="VIN" pintype="power_in"/>
    </net>
    <net code="3" name="/+BTOUT">
      <node ref="DC1" pin="3" pinfunction="3" pintype="input"/>
    </net>
    <net code="4" name="/A0">
      <node ref="U1" pin="1" pinfunction="A0" pintype="bidirectional"/>
    </net>
    <net code="5" name="/A1">
      <node ref="U1" pin="2" pinfunction="A1" pintype="bidirectional"/>
    </net>
    <net code="6" name="/A2">
      <node ref="U1" pin="3" pinfunction="A2" pintype="bidirectional"/>
    </net>
    <net code="7" name="/A3">
      <node ref="U1" pin="4" pinfunction="A3" pintype="bidirectional"/>
    </net>
    <net code="8" name="/A4">
      <node ref="U1" pin="5" pinfunction="A4" pintype="bidirectional"/>
    </net>
    <net code="9" name="/A5">
      <node ref="U1" pin="6" pinfunction="A5" pintype="bidirectional"/>
    </net>
    <net code="10" name="/A6">
      <node ref="U1" pin="7" pinfunction="A6" pintype="bidirectional"/>
    </net>
    <net code="11" name="/A7">
      <node ref="U1" pin="8" pinfunction="A7" pintype="bidirectional"/>
    </net>
    <net code="12" name="/A8">
      <node ref="U1" pin="9" pinfunction="A8" pintype="bidirectional"/>
    </net>
    <net code="13" name="/A9">
      <node ref="U1" pin="10" pinfunction="A9" pintype="bidirectional"/>
    </net>
    <net code="14" name="/A10">
      <node ref="U1" pin="11" pinfunction="A10" pintype="bidirectional"/>
    </net>
    <net code="15" name="/A11">
      <node ref="U1" pin="12" pinfunction="A11" pintype="bidirectional"/>
    </net>
    <net code="16" name="/A12">
      <node ref="U1" pin="13" pinfunction="A12" pintype="bidirectional"/>
    </net>
    <net code="17" name="/A13">
      <node ref="U1" pin="14" pinfunction="A13" pintype="bidirectional"/>
    </net>
    <net code="18" name="/A14">
      <node ref="U1" pin="15" pinfunction="A14" pintype="bidirectional"/>
    </net>
    <net code="19" name="/A15">
      <node ref="U1" pin="16" pinfunction="A15" pintype="bidirectional"/>
    </net>
    <net code="20" name="/AMP_EN">
      <node ref="U3" pin="6" pinfunction="SW" pintype="input"/>
    </net>
    <net code="21" name="/CK1">
      <node ref="C1" pin="2" pintype="passive"/>
      <node ref="U1" pin="67" pinfunction="CK1" pintype="input"/>
      <node ref="X1" pin="1" pinfunction="1" pintype="passive"/>
    </net>
    <net code="22" name="/CK2">
      <node ref="C2" pin="2" pintype="passive"/>
      <node ref="U1" pin="66" pinfunction="CK2" pintype="passive"/>
      <node ref="X1" pin="2" pinfunction="2" pintype="passive"/>
    </net>
    <net code="23" name="/CLK">
      <node ref="U1" pin="77" pinfunction="PHI" pintype="output"/>
    </net>
    <net code="24" name="/CP">
      <node ref="U1" pin="46" pinfunction="CP" pintype="output"/>
    </net>
    <net code="25" name="/CPG">
      <node ref="U1" pin="41" pinfunction="CPG" pintype="output"/>
    </net>
    <net code="26" name="/CPL">
      <node ref="U1" pin="42" pinfunction="CPL" pintype="output"/>
    </net>
    <net code="27" name="/CS">
      <node ref="U1" pin="80" pinfunction="~{CS}" pintype="output"/>
    </net>
    <net code="28" name="/D0">
      <node ref="U1" pin="17" pinfunction="D0" pintype="bidirectional"/>
    </net>
    <net code="29" name="/D1">
      <node ref="U1" pin="18" pinfunction="D1" pintype="bidirectional"/>
    </net>
    <net code="30" name="/D2">
      <node ref="U1" pin="19" pinfunction="D2" pintype="bidirectional"/>
    </net>
    <net code="31" name="/D3">
      <node ref="U1" pin="20" pinfunction="D3" pintype="bidirectional"/>
    </net>
    <net code="32" name="/D4">
      <node ref="U1" pin="21" pinfunction="D4" pintype="bidirectional"/>
    </net>
    <net code="33" name="/D5">
      <node ref="U1" pin="22" pinfunction="D5" pintype="bidirectional"/>
    </net>
    <net code="34" name="/D6">
      <node ref="U1" pin="23" pinfunction="D6" pintype="bidirectional"/>
    </net>
    <net code="35" name="/D7">
      <node ref="U1" pin="24" pinfunction="D7" pintype="bidirectional"/>
    </net>
    <net code="36" name="/EXT_CLK">
      <node ref="C7" pin="1" pintype="passive"/>
      <node ref="RA1" pin="5" pinfunction="R4.2" pintype="passive"/>
    </net>
    <net code="37" name="/EXT_IN">
      <node ref="C5" pin="1" pintype="passive"/>
      <node ref="RA1" pin="7" pinfunction="R2.2" pintype="passive"/>
    </net>
    <net code="38" name="/EXT_OUT">
      <node ref="C4" pin="1" pintype="passive"/>
      <node ref="RA1" pin="8" pinfunction="R1.2" pintype="passive"/>
    </net>
    <net code="39" name="/EXT_SD">
      <node ref="C6" pin="1" pintype="passive"/>
      <node ref="RA1" pin="6" pinfunction="R3.2" pintype="passive"/>
    </net>
    <net code="40" name="/FR">
      <node ref="U1" pin="47" pinfunction="FR" pintype="output"/>
    </net>
    <net code="41" name="/LAMP">
      <node ref="C15" pin="2" pintype="passive"/>
      <node ref="U3" pin="12" pinfunction="HPLOUT" pintype="output"/>
    </net>
    <net code="42" name="/LD0">
      <node ref="U1" pin="44" pinfunction="LD0" pintype="output"/>
    </net>
    <net code="43" name="/LD1">
      <node ref="U1" pin="45" pinfunction="LD1" pintype="output"/>
    </net>
    <net code="44" name="/LOUT">
      <node ref="C19" pin="1" pintype="passive"/>
      <node ref="U1" pin="27" pinfunction="SO1" pintype="output"/>
    </net>
    <net code="45" name="/LPOT">
      <node ref="U3" pin="8" pinfunction="LIN" pintype="input"/>
    </net>
    <net code="46" name="/MA0">
      <node ref="U1" pin="49" pinfunction="MA0" pintype="output"/>
    </net>
    <net code="47" name="/MA1">
      <node ref="U1" pin="50" pinfunction="MA1" pintype="output"/>
    </net>
    <net code="48" name="/MA2">
      <node ref="U1" pin="51" pinfunction="MA2" pintype="output"/>
    </net>
    <net code="49" name="/MA3">
      <node ref="U1" pin="52" pinfunction="MA3" pintype="output"/>
    </net>
    <net code="50" name="/MA4">
      <node ref="U1" pin="54" pinfunction="MA4" pintype="output"/>
    </net>
    <net code="51" name="/MA5">
      <node ref="U1" pin="55" pinfunction="MA5" pintype="output"/>
    </net>
    <net code="52" name="/MA6">
      <node ref="U1" pin="56" pinfunction="MA6" pintype="output"/>
    </net>
    <net code="53" name="/MA7">
      <node ref="U1" pin="57" pinfunction="MA7" pintype="output"/>
    </net>
    <net code="54" name="/MA8">
      <node ref="U1" pin="64" pinfunction="MA8" pintype="output"/>
    </net>
    <net code="55" name="/MA9">
      <node ref="U1" pin="63" pinfunction="MA9" pintype="output"/>
    </net>
    <net code="56" name="/MA10">
      <node ref="U1" pin="60" pinfunction="MA10" pintype="output"/>
    </net>
    <net code="57" name="/MA11">
      <node ref="U1" pin="62" pinfunction="MA11" pintype="output"/>
    </net>
    <net code="58" name="/MA12">
      <node ref="U1" pin="58" pinfunction="MA12" pintype="output"/>
    </net>
    <net code="59" name="/MCS">
      <node ref="U1" pin="59" pinfunction="~{MCS}" pintype="bidirectional"/>
    </net>
    <net code="60" name="/MD0">
      <node ref="U1" pin="37" pinfunction="MD0" pintype="bidirectional"/>
    </net>
    <net code="61" name="/MD1">
      <node ref="U1" pin="36" pinfunction="MD1" pintype="bidirectional"/>
    </net>
    <net code="62" name="/MD2">
      <node ref="U1" pin="35" pinfunction="MD2" pintype="bidirectional"/>
    </net>
    <net code="63" name="/MD3">
      <node ref="U1" pin="34" pinfunction="MD3" pintype="bidirectional"/>
    </net>
    <net code="64" name="/MD4">
      <node ref="U1" pin="33" pinfunction="MD4" pintype="bidirectional"/>
    </net>
    <net code="65" name="/MD5">
      <node ref="U1" pin="31" pinfunction="MD5" pintype="bidirectional"/>
    </net>
    <net code="66" name="/MD6">
      <node ref="U1" pin="30" pinfunction="MD6" pintype="bidirectional"/>
    </net>
    <net code="67" name="/MD7">
      <node ref="U1" pin="29" pinfunction="MD7" pintype="bidirectional"/>
    </net>
    <net code="68" name="/MOE">
      <node ref="U1" pin="61" pinfunction="~{MRD}" pintype="bidirectional"/>
    </net>
    <net code="69" name="/MWR">
      <node ref="U1" pin="65" pinfunction="~{MWR}" pintype="bidirectional"/>
    </net>
    <net code="70" name="/P10">
      <node ref="U1" pin="74" pinfunction="P10" pintype="bidirectional"/>
    </net>
    <net code="71" name="/P11">
      <node ref="U1" pin="73" pinfunction="P11" pintype="bidirectional"/>
    </net>
    <net code="72" name="/P12">
      <node ref="U1" pin="71" pinfunction="P12" pintype="bidirectional"/>
    </net>
    <net code="73" name="/P13">
      <node ref="U1" pin="70" pinfunction="P13" pintype="bidirectional"/>
    </net>
    <net code="74" name="/P14">
      <node ref="DA3" pin="4" pinfunction="A" pintype="passive"/>
      <node ref="DA4" pin="3" pinfunction="K" pintype="passive"/>
      <node ref="RA1" pin="3" pinfunction="R3.1" pintype="passive"/>
      <node ref="U1" pin="69" pinfunction="P14" pintype="output"/>
    </net>
    <net code="75" name="/P15">
      <node ref="U1" pin="68" pinfunction="P15" pintype="output"/>
    </net>
    <net code="76" name="/RAMP">
      <node ref="C16" pin="2" pintype="passive"/>
      <node ref="U3" pin="15" pinfunction="HPROUT" pintype="output"/>
    </net>
    <net code="77" name="/RD">
      <node ref="U1" pin="79" pinfunction="~{RD}" pintype="bidirectional"/>
    </net>
    <net code="78" name="/ROUT">
      <node ref="C18" pin="1" pintype="passive"/>
      <node ref="U1" pin="28" pinfunction="SO2" pintype="output"/>
    </net>
    <net code="79" name="/RPOT">
      <node ref="U3" pin="7" pinfunction="RIN" pintype="input"/>
    </net>
    <net code="80" name="/RST">
      <node ref="C17" pin="2" pintype="passive"/>
      <node ref="R3" pin="1" pintype="passive"/>
      <node ref="SW1" pin="5" pinfunction="RST" pintype="passive"/>
      <node ref="U1" pin="25" pinfunction="~{RES}" pintype="input"/>
      <node ref="U6" pin="4" pinfunction="VOUT" pintype="open_collector"/>
    </net>
    <net code="81" name="/S">
      <node ref="U1" pin="48" pinfunction="S" pintype="output"/>
    </net>
    <net code="82" name="/SCK">
      <node ref="DA3" pin="1" pinfunction="A" pintype="passive"/>
      <node ref="DA4" pin="5" pinfunction="K" pintype="passive"/>
      <node ref="RA1" pin="4" pinfunction="R4.1" pintype="passive"/>
      <node ref="U1" pin="39" pinfunction="SCK" pintype="bidirectional"/>
    </net>
    <net code="83" name="/SIN">
      <node ref="DA3" pin="3" pinfunction="A" pintype="passive"/>
      <node ref="DA4" pin="4" pinfunction="K" pintype="passive"/>
      <node ref="RA1" pin="2" pinfunction="R2.1" pintype="passive"/>
      <node ref="U1" pin="40" pinfunction="SIN" pintype="bidirectional"/>
    </net>
    <net code="84" name="/SND">
      <node ref="U1" pin="26" pinfunction="VIN" pintype="input"/>
    </net>
    <net code="85" name="/SOUT">
      <node ref="DA3" pin="5" pinfunction="A" pintype="passive"/>
      <node ref="DA4" pin="1" pinfunction="K" pintype="passive"/>
      <node ref="RA1" pin="1" pinfunction="R1.1" pintype="passive"/>
      <node ref="U1" pin="38" pinfunction="SOUT" pintype="output"/>
    </net>
    <net code="86" name="/SPKR">
      <node ref="C14" pin="2" pintype="passive"/>
      <node ref="U3" pin="3" pinfunction="SPKOUT" pintype="output"/>
    </net>
    <net code="87" name="/ST">
      <node ref="U1" pin="43" pinfunction="ST" pintype="output"/>
    </net>
    <net code="88" name="/WR">
      <node ref="U1" pin="78" pinfunction="~{WR}" pintype="bidirectional"/>
    </net>
    <net code="89" name="GND">
      <node ref="C1" pin="1" pintype="passive"/>
      <node ref="C11" pin="1" pintype="passive"/>
      <node ref="C12" pin="2" pintype="passive"/>
      <node ref="C13" pin="1" pintype="passive"/>
      <node ref="C14" pin="1" pintype="passive"/>
      <node ref="C15" pin="1" pintype="passive"/>
      <node ref="C16" pin="1" pintype="passive"/>
      <node ref="C17" pin="1" pintype="passive"/>
      <node ref="C2" pin="1" pintype="passive"/>
      <node ref="C23" pin="1" pintype="passive"/>
      <node ref="C24" pin="1" pintype="passive"/>
      <node ref="C25" pin="2" pintype="passive"/>
      <node ref="C26" pin="2" pintype="passive"/>
      <node ref="C27" pin="2" pintype="passive"/>
      <node ref="C31" pin="2" pintype="passive"/>
      <node ref="C32" pin="2" pintype="passive"/>
      <node ref="C4" pin="2" pintype="passive"/>
      <node ref="C5" pin="2" pintype="passive"/>
      <node ref="C6" pin="2" pintype="passive"/>
      <node ref="C7" pin="2" pintype="passive"/>
      <node ref="D2" pin="2" pinfunction="A" pintype="passive"/>
      <node ref="DA4" pin="2" pinfunction="A" pintype="passive"/>
      <node ref="DC1" pin="1" pinfunction="1" pintype="input"/>
      <node ref="R9" pin="1" pintype="passive"/>
      <node ref="SW1" pin="6" pinfunction="GND" pintype="passive"/>
      <node ref="SW1" pin="7" pinfunction="SH" pintype="passive"/>
      <node ref="U1" pin="32" pinfunction="GND" pintype="power_in"/>
      <node ref="U1" pin="72" pinfunction="GND" pintype="passive"/>
      <node ref="U1" pin="75" pinfunction="T2" pintype="input"/>
      <node ref="U1" pin="76" pinfunction="T1" pintype="input"/>
      <node ref="U3" pin="1" pinfunction="GND1" pintype="power_in"/>
      <node ref="U3" pin="11" pinfunction="GND3" pintype="power_in"/>
      <node ref="U3" pin="2" pinfunction="GND2" pintype="power_in"/>
      <node ref="U5" pin="2" pinfunction="GND" pintype="power_in"/>
      <node ref="U6" pin="2" pinfunction="SUB" pintype="power_in"/>
      <node ref="U6" pin="3" pinfunction="GND" pintype="power_in"/>
    </net>
    <net code="90" name="Net-(D2-K)">
      <node ref="D2" pin="1" pinfunction="K" pintype="passive"/>
      <node ref="DC1" pin="2" pinfunction="2" pintype="input"/>
      <node ref="F1a1" pin="1" pintype="passive"/>
    </net>
    <net code="91" name="Net-(RA4-R1.1)">
      <node ref="RA4" pin="1" pinfunction="R1.1" pintype="passive"/>
    </net>
    <net code="92" name="Net-(RA4-R1.2)">
      <node ref="C18" pin="2" pintype="passive"/>
      <node ref="RA4" pin="4" pinfunction="R1.2" pintype="passive"/>
    </net>
    <net code="93" name="Net-(RA4-R2.1)">
      <node ref="RA4" pin="2" pinfunction="R2.1" pintype="passive"/>
    </net>
    <net code="94" name="Net-(RA4-R2.2)">
      <node ref="C19" pin="2" pintype="passive"/>
      <node ref="RA4" pin="3" pinfunction="R2.2" pintype="passive"/>
    </net>
    <net code="95" name="Net-(U3-HPLBC)">
      <node ref="C25" pin="1" pintype="passive"/>
      <node ref="U3" pin="13" pinfunction="HPLBC" pintype="passive"/>
    </net>
    <net code="96" name="Net-(U3-HPRBC)">
      <node ref="C26" pin="1" pintype="passive"/>
      <node ref="U3" pin="16" pinfunction="HPRBC" pintype="passive"/>
    </net>
    <net code="97" name="Net-(U3-SPKBC)">
      <node ref="C27" pin="1" pintype="passive"/>
      <node ref="U3" pin="17" pinfunction="SPKBC" pintype="passive"/>
    </net>
    <net code="98" name="PD_OUT">
      <node ref="C23" pin="2" pintype="passive"/>
      <node ref="U5" pin="1" pinfunction="VOUT" pintype="power_out"/>
    </net>
    <net code="99" name="SW_OUT">
      <node ref="R9" pin="2" pintype="passive"/>
      <node ref="SW1" pin="1" pinfunction="VOUT" pintype="passive"/>
      <node ref="U5" pin="4" pinfunction="EN" pintype="input"/>
    </net>
    <net code="103" name="unconnected-(U3-NC-Pad9)">
      <node ref="U3" pin="9" pinfunction="NC" pintype="no_connect"/>
    </net>
    <net code="104" name="unconnected-(U3-NC-Pad10)">
      <node ref="U3" pin="10" pinfunction="NC" pintype="no_connect"/>
    </net>
    <net code="105" name="unconnected-(U3-NC-Pad18)">
      <node ref="U3" pin="18" pinfunction="NC" pintype="no_connect"/>
    </net>
    <net code="106" name="unconnected-(U5-ISET{slash}NC-Pad3)">
      <node ref="U5" pin="3" pinfunction="ISET/NC" pintype="no_connect"/>
    </net>
    <net code="107" name="unconnected-(U6-NC-Pad1)">
      <node ref="U6" pin="1" pinfunction="NC" pintype="no_connect"/>
    </net>
  </nets>
</export>
